-- MySQL dump 10.13  Distrib 8.0.44, for Win64 (x86_64)
--
-- Host: localhost    Database: moffat_bay
-- ------------------------------------------------------
-- Server version	8.0.44

/*!40101 SET @OLD_CHARACTER_SET_CLIENT=@@CHARACTER_SET_CLIENT */;
/*!40101 SET @OLD_CHARACTER_SET_RESULTS=@@CHARACTER_SET_RESULTS */;
/*!40101 SET @OLD_COLLATION_CONNECTION=@@COLLATION_CONNECTION */;
/*!50503 SET NAMES utf8 */;
/*!40103 SET @OLD_TIME_ZONE=@@TIME_ZONE */;
/*!40103 SET TIME_ZONE='+00:00' */;
/*!40014 SET @OLD_UNIQUE_CHECKS=@@UNIQUE_CHECKS, UNIQUE_CHECKS=0 */;
/*!40014 SET @OLD_FOREIGN_KEY_CHECKS=@@FOREIGN_KEY_CHECKS, FOREIGN_KEY_CHECKS=0 */;
/*!40101 SET @OLD_SQL_MODE=@@SQL_MODE, SQL_MODE='NO_AUTO_VALUE_ON_ZERO' */;
/*!40111 SET @OLD_SQL_NOTES=@@SQL_NOTES, SQL_NOTES=0 */;

--
-- Table structure for table `amenities`
--

DROP TABLE IF EXISTS `amenities`;
/*!40101 SET @saved_cs_client     = @@character_set_client */;
/*!50503 SET character_set_client = utf8mb4 */;
CREATE TABLE `amenities` (
  `amenity_id` int NOT NULL AUTO_INCREMENT,
  `amenity_name` varchar(100) NOT NULL,
  PRIMARY KEY (`amenity_id`),
  UNIQUE KEY `amenity_name` (`amenity_name`)
) ENGINE=InnoDB AUTO_INCREMENT=6 DEFAULT CHARSET=utf8mb4 COLLATE=utf8mb4_0900_ai_ci;
/*!40101 SET character_set_client = @saved_cs_client */;

--
-- Dumping data for table `amenities`
--

LOCK TABLES `amenities` WRITE;
/*!40000 ALTER TABLE `amenities` DISABLE KEYS */;
INSERT INTO `amenities` VALUES (4,'Balcony'),(3,'Bay View'),(5,'Mini Fridge'),(2,'TV'),(1,'WiFi');
/*!40000 ALTER TABLE `amenities` ENABLE KEYS */;
UNLOCK TABLES;

--
-- Table structure for table `customers`
--

DROP TABLE IF EXISTS `customers`;
/*!40101 SET @saved_cs_client     = @@character_set_client */;
/*!50503 SET character_set_client = utf8mb4 */;
CREATE TABLE `customers` (
  `customer_id` int NOT NULL AUTO_INCREMENT,
  `email` varchar(255) NOT NULL,
  `first_name` varchar(100) NOT NULL,
  `last_name` varchar(100) NOT NULL,
  `telephone` varchar(25) NOT NULL,
  `password_hash` varchar(255) NOT NULL,
  `created_at` timestamp NULL DEFAULT CURRENT_TIMESTAMP,
  PRIMARY KEY (`customer_id`),
  UNIQUE KEY `email` (`email`)
) ENGINE=InnoDB AUTO_INCREMENT=4 DEFAULT CHARSET=utf8mb4 COLLATE=utf8mb4_0900_ai_ci;
/*!40101 SET character_set_client = @saved_cs_client */;

--
-- Dumping data for table `customers`
--

LOCK TABLES `customers` WRITE;
/*!40000 ALTER TABLE `customers` DISABLE KEYS */;
INSERT INTO `customers` VALUES (1,'john.doe@example.com','John','Doe','123-456-7890','hashed_password_example','2026-04-11 03:09:13'),(2,'jane.smith@example.com','Jane','Smith','222-333-4444','hashed_password_example','2026-04-18 01:33:30'),(3,'michael.brown@example.com','Michael','Brown','333-444-5555','hashed_password_example','2026-04-18 01:33:30');
/*!40000 ALTER TABLE `customers` ENABLE KEYS */;
UNLOCK TABLES;

--
-- Table structure for table `outdoor_customers`
--

DROP TABLE IF EXISTS `outdoor_customers`;
/*!40101 SET @saved_cs_client     = @@character_set_client */;
/*!50503 SET character_set_client = utf8mb4 */;
CREATE TABLE `outdoor_customers` (
  `customer_id` int NOT NULL AUTO_INCREMENT,
  `email` varchar(255) NOT NULL,
  `first_name` varchar(100) NOT NULL,
  `last_name` varchar(100) NOT NULL,
  `telephone` varchar(25) NOT NULL,
  `password_hash` varchar(255) NOT NULL,
  `created_at` timestamp NULL DEFAULT CURRENT_TIMESTAMP,
  PRIMARY KEY (`customer_id`),
  UNIQUE KEY `email` (`email`)
) ENGINE=InnoDB AUTO_INCREMENT=2 DEFAULT CHARSET=utf8mb4 COLLATE=utf8mb4_0900_ai_ci;
/*!40101 SET character_set_client = @saved_cs_client */;

--
-- Dumping data for table `outdoor_customers`
--

LOCK TABLES `outdoor_customers` WRITE;
/*!40000 ALTER TABLE `outdoor_customers` DISABLE KEYS */;
INSERT INTO `outdoor_customers` VALUES (1,'john.doe@example.com','John','Doe','123-456-7890','hashed_password_example','2026-04-11 03:09:13');
/*!40000 ALTER TABLE `outdoor_customers` ENABLE KEYS */;
UNLOCK TABLES;

--
-- Table structure for table `reservations`
--

DROP TABLE IF EXISTS `reservations`;
/*!40101 SET @saved_cs_client     = @@character_set_client */;
/*!50503 SET character_set_client = utf8mb4 */;
CREATE TABLE `reservations` (
  `reservation_id` int NOT NULL AUTO_INCREMENT,
  `customer_id` int NOT NULL,
  `room_id` int NOT NULL,
  `number_of_guests` int NOT NULL,
  `check_in_date` date NOT NULL,
  `check_out_date` date NOT NULL,
  `total_nights` int NOT NULL,
  `total_cost` decimal(10,2) NOT NULL,
  `reservation_status` varchar(20) NOT NULL DEFAULT 'CONFIRMED',
  `created_at` timestamp NULL DEFAULT CURRENT_TIMESTAMP,
  PRIMARY KEY (`reservation_id`),
  KEY `fk_reservation_customer` (`customer_id`),
  KEY `fk_reservation_room` (`room_id`),
  CONSTRAINT `fk_reservation_customer` FOREIGN KEY (`customer_id`) REFERENCES `customers` (`customer_id`),
  CONSTRAINT `fk_reservation_room` FOREIGN KEY (`room_id`) REFERENCES `rooms` (`room_id`)
) ENGINE=InnoDB AUTO_INCREMENT=2 DEFAULT CHARSET=utf8mb4 COLLATE=utf8mb4_0900_ai_ci;
/*!40101 SET character_set_client = @saved_cs_client */;

--
-- Dumping data for table `reservations`
--

LOCK TABLES `reservations` WRITE;
/*!40000 ALTER TABLE `reservations` DISABLE KEYS */;
INSERT INTO `reservations` VALUES (1,1,2,2,'2026-05-08','2026-05-10',2,270.00,'CONFIRMED','2026-04-11 03:09:13');
/*!40000 ALTER TABLE `reservations` ENABLE KEYS */;
UNLOCK TABLES;

--
-- Table structure for table `rewards_accounts`
--

DROP TABLE IF EXISTS `rewards_accounts`;
/*!40101 SET @saved_cs_client     = @@character_set_client */;
/*!50503 SET character_set_client = utf8mb4 */;
CREATE TABLE `rewards_accounts` (
  `rewards_id` int NOT NULL AUTO_INCREMENT,
  `user_id` int DEFAULT NULL,
  `member_id` varchar(50) DEFAULT NULL,
  `points_balance` int DEFAULT NULL,
  `total_points_earned` int DEFAULT NULL,
  `last_updated` datetime DEFAULT NULL,
  PRIMARY KEY (`rewards_id`)
) ENGINE=InnoDB AUTO_INCREMENT=6 DEFAULT CHARSET=utf8mb4 COLLATE=utf8mb4_0900_ai_ci;
/*!40101 SET character_set_client = @saved_cs_client */;

--
-- Dumping data for table `rewards_accounts`
--

LOCK TABLES `rewards_accounts` WRITE;
/*!40000 ALTER TABLE `rewards_accounts` DISABLE KEYS */;
INSERT INTO `rewards_accounts` VALUES (1,101,'MB-8821',450,1200,'2026-04-10 14:30:00'),(2,102,'MB-4410',0,500,'2026-03-15 09:12:45'),(3,103,'MB-9932',2150,3500,'2026-04-11 18:20:10'),(4,104,'MB-1120',75,75,'2026-04-01 11:05:00'),(5,105,'MB-5567',1200,1200,'2026-04-09 21:45:30');
/*!40000 ALTER TABLE `rewards_accounts` ENABLE KEYS */;
UNLOCK TABLES;

--
-- Table structure for table `rewards_transactions`
--

DROP TABLE IF EXISTS `rewards_transactions`;
/*!40101 SET @saved_cs_client     = @@character_set_client */;
/*!50503 SET character_set_client = utf8mb4 */;
CREATE TABLE `rewards_transactions` (
  `transaction_id` int NOT NULL AUTO_INCREMENT,
  `rewards_id` int DEFAULT NULL,
  `reservation_id` int DEFAULT NULL,
  `points_change` int DEFAULT NULL,
  `transaction_type` varchar(20) DEFAULT NULL,
  `transaction_date` datetime DEFAULT NULL,
  PRIMARY KEY (`transaction_id`)
) ENGINE=InnoDB AUTO_INCREMENT=2342 DEFAULT CHARSET=utf8mb4 COLLATE=utf8mb4_0900_ai_ci;
/*!40101 SET character_set_client = @saved_cs_client */;

--
-- Dumping data for table `rewards_transactions`
--

LOCK TABLES `rewards_transactions` WRITE;
/*!40000 ALTER TABLE `rewards_transactions` DISABLE KEYS */;
INSERT INTO `rewards_transactions` VALUES (1234,4321,5678,20,'lodging','2026-01-01 00:00:00'),(2341,4361,5678,30,'lodging','2025-03-02 00:00:00');
/*!40000 ALTER TABLE `rewards_transactions` ENABLE KEYS */;
UNLOCK TABLES;

--
-- Table structure for table `room_amenities`
--

DROP TABLE IF EXISTS `room_amenities`;
/*!40101 SET @saved_cs_client     = @@character_set_client */;
/*!50503 SET character_set_client = utf8mb4 */;
CREATE TABLE `room_amenities` (
  `room_id` int NOT NULL,
  `amenity_id` int NOT NULL,
  PRIMARY KEY (`room_id`,`amenity_id`),
  KEY `amenity_id` (`amenity_id`),
  CONSTRAINT `room_amenities_ibfk_1` FOREIGN KEY (`room_id`) REFERENCES `rooms` (`room_id`),
  CONSTRAINT `room_amenities_ibfk_2` FOREIGN KEY (`amenity_id`) REFERENCES `amenities` (`amenity_id`)
) ENGINE=InnoDB DEFAULT CHARSET=utf8mb4 COLLATE=utf8mb4_0900_ai_ci;
/*!40101 SET character_set_client = @saved_cs_client */;

--
-- Dumping data for table `room_amenities`
--

LOCK TABLES `room_amenities` WRITE;
/*!40000 ALTER TABLE `room_amenities` DISABLE KEYS */;
INSERT INTO `room_amenities` VALUES (1,1),(2,1),(3,1),(1,2),(3,2),(2,3),(4,3),(4,4);
/*!40000 ALTER TABLE `room_amenities` ENABLE KEYS */;
UNLOCK TABLES;

--
-- Table structure for table `room_types`
--

DROP TABLE IF EXISTS `room_types`;
/*!40101 SET @saved_cs_client     = @@character_set_client */;
/*!50503 SET character_set_client = utf8mb4 */;
CREATE TABLE `room_types` (
  `room_type_id` int NOT NULL AUTO_INCREMENT,
  `room_size` varchar(50) NOT NULL,
  `description` text,
  `max_occupancy` int NOT NULL,
  `price_per_night` decimal(10,2) NOT NULL,
  PRIMARY KEY (`room_type_id`),
  UNIQUE KEY `room_size` (`room_size`)
) ENGINE=InnoDB AUTO_INCREMENT=5 DEFAULT CHARSET=utf8mb4 COLLATE=utf8mb4_0900_ai_ci;
/*!40101 SET character_set_client = @saved_cs_client */;

--
-- Dumping data for table `room_types`
--

LOCK TABLES `room_types` WRITE;
/*!40000 ALTER TABLE `room_types` DISABLE KEYS */;
INSERT INTO `room_types` VALUES (1,'Double Full Beds','Two full-size beds',4,126.00),(2,'Queen','One queen bed',2,141.75),(3,'Double Queen Beds','Two queen beds',4,157.50),(4,'King','One king bed',2,168.00);
/*!40000 ALTER TABLE `room_types` ENABLE KEYS */;
UNLOCK TABLES;

--
-- Table structure for table `rooms`
--

DROP TABLE IF EXISTS `rooms`;
/*!40101 SET @saved_cs_client     = @@character_set_client */;
/*!50503 SET character_set_client = utf8mb4 */;
CREATE TABLE `rooms` (
  `room_id` int NOT NULL AUTO_INCREMENT,
  `room_type_id` int NOT NULL,
  `room_number` varchar(10) NOT NULL,
  `description` text,
  PRIMARY KEY (`room_id`),
  UNIQUE KEY `room_number` (`room_number`),
  KEY `fk_room_type` (`room_type_id`),
  CONSTRAINT `fk_room_type` FOREIGN KEY (`room_type_id`) REFERENCES `room_types` (`room_type_id`)
) ENGINE=InnoDB AUTO_INCREMENT=9 DEFAULT CHARSET=utf8mb4 COLLATE=utf8mb4_0900_ai_ci;
/*!40101 SET character_set_client = @saved_cs_client */;

--
-- Dumping data for table `rooms`
--

LOCK TABLES `rooms` WRITE;
/*!40000 ALTER TABLE `rooms` DISABLE KEYS */;
INSERT INTO `rooms` VALUES (1,1,'101','Double Full Beds'),(2,2,'102','Queen'),(3,3,'201','Double Queen Beds'),(4,4,'202','King'),(5,1,'103','Double Full Beds'),(6,2,'104','Queen'),(7,3,'203','Double Queen Beds'),(8,4,'204','King');
/*!40000 ALTER TABLE `rooms` ENABLE KEYS */;
UNLOCK TABLES;

--
-- Table structure for table `support_messages`
--

DROP TABLE IF EXISTS `support_messages`;
/*!40101 SET @saved_cs_client     = @@character_set_client */;
/*!50503 SET character_set_client = utf8mb4 */;
CREATE TABLE `support_messages` (
  `message_id` int NOT NULL AUTO_INCREMENT,
  `user_id` int NOT NULL,
  `name` varchar(100) DEFAULT NULL,
  `email` varchar(255) DEFAULT NULL,
  `message` text,
  `date_sent` datetime DEFAULT CURRENT_TIMESTAMP,
  PRIMARY KEY (`message_id`),
  KEY `user_id` (`user_id`),
  CONSTRAINT `support_messages_ibfk_1` FOREIGN KEY (`user_id`) REFERENCES `customers` (`customer_id`)
) ENGINE=InnoDB AUTO_INCREMENT=7 DEFAULT CHARSET=utf8mb4 COLLATE=utf8mb4_0900_ai_ci;
/*!40101 SET character_set_client = @saved_cs_client */;

--
-- Dumping data for table `support_messages`
--

LOCK TABLES `support_messages` WRITE;
/*!40000 ALTER TABLE `support_messages` DISABLE KEYS */;
INSERT INTO `support_messages` VALUES (4,1,'John Doe','john.doe@example.com','Inquiry about room availability for May.','2026-04-12 10:15:00'),(5,2,'Jane Smith','jane.smith@example.com','Question regarding outdoor activities.','2026-04-13 14:30:00'),(6,3,'Michael Brown','michael.brown@example.com','Need help modifying reservation.','2026-04-14 09:45:00');
/*!40000 ALTER TABLE `support_messages` ENABLE KEYS */;
UNLOCK TABLES;
/*!40103 SET TIME_ZONE=@OLD_TIME_ZONE */;

/*!40101 SET SQL_MODE=@OLD_SQL_MODE */;
/*!40014 SET FOREIGN_KEY_CHECKS=@OLD_FOREIGN_KEY_CHECKS */;
/*!40014 SET UNIQUE_CHECKS=@OLD_UNIQUE_CHECKS */;
/*!40101 SET CHARACTER_SET_CLIENT=@OLD_CHARACTER_SET_CLIENT */;
/*!40101 SET CHARACTER_SET_RESULTS=@OLD_CHARACTER_SET_RESULTS */;
/*!40101 SET COLLATION_CONNECTION=@OLD_COLLATION_CONNECTION */;
/*!40111 SET SQL_NOTES=@OLD_SQL_NOTES */;

-- Dump completed on 2026-04-17 21:14:28
